case_path,airbag_E22,airbag_z_up_mm,brace_P16,bracket_cutt,cavity_foam_gl,door_inner_mm,door_outer_mm,psa_description,rail_foam,seat_clubsport,seat_inb_foam,trim_woodfibre,ttf_ms
preprocessed/vb3205392/case0_chFXfb,0.0,0.0,0.0,0.0,0.0,1.2,1.2,207.0,0.0,0.0,0.0,0.0,12.0
preprocessed/vb3205392/case10_WLNQX,0.0,0.0,0.0,0.0,60.0,1.1,1.2,60.0,0.0,0.0,0.0,0.0,12.0
preprocessed/vb3205392/case11_vkDMX,0.0,0.0,0.0,0.0,60.0,1.3,1.2,60.0,0.0,0.0,0.0,0.0,12.0
preprocessed/vb3205392/case12_Wbnuib,0.0,0.0,0.0,0.0,60.0,1.2,1.1,60.0,0.0,0.0,0.0,0.0,12.0
preprocessed/vb3205392/case13_pptHX,0.0,0.0,0.0,1.0,0.0,1.2,1.2,Comfort Seat Base Plus Blocks Airbag Bracket Cut,0.0,0.0,0.0,0.0,12.0
preprocessed/vb3205392/case14_WpFXfb,1.0,0.0,0.0,1.0,0.0,1.2,1.2,22.0,0.0,0.0,0.0,0.0,12.0
preprocessed/vb3205392/case15_kCMkV,0.0,30.0,0.0,0.0,0.0,1.2,1.2,30.0,0.0,0.0,0.0,0.0,12.0
preprocessed/vb3205392/case16_SbCgV,1.0,30.0,0.0,0.0,0.0,1.2,1.2,22.0,0.0,0.0,0.0,0.0,12.0
preprocessed/vb3205392/case17_wJNQX,0.0,0.0,0.0,0.0,0.0,1.2,1.2,Comfort Seat Base Plus Blocks Inboard Seat Foam CAE Surface,0.0,0.0,1.0,0.0,12.0
preprocessed/vb3205392/case1_HtscV,0.0,0.0,0.0,0.0,0.0,1.2,1.2,9.0,0.0,0.0,0.0,0.0,9.0
preprocessed/vb3205392/case2_LwXUX,1.0,0.0,0.0,0.0,0.0,1.2,1.2,22.0,0.0,0.0,0.0,0.0,12.0
preprocessed/vb3205392/case4_daDMX,0.0,0.0,0.0,0.0,0.0,1.2,1.2,Comfort Seat Base Plus Blocks All Woodfibre Doortrim,0.0,0.0,0.0,0.0,12.0
preprocessed/vb3205392/case5_Pbnuib,0.0,0.0,0.0,0.0,0.0,1.2,1.2,Comfort Seat Base Plus Blocks RailFoam,1.0,0.0,0.0,0.0,12.0
preprocessed/vb3205392/case6_hEvTfb,0.0,0.0,1.0,0.0,0.0,1.2,1.2,Comfort Seat Base Plus Blocks Brace Al,0.0,0.0,0.0,0.0,12.0
preprocessed/vb3205392/case7_oTkPfb,0.0,0.0,0.0,0.0,140.0,1.2,1.2,140.0,0.0,0.0,0.0,0.0,12.0
preprocessed/vb3205392/case8_hvhYU,0.0,0.0,0.0,0.0,0.0,1.1,1.2,1.1,0.0,0.0,0.0,0.0,12.0
