time,backplate_force_x_actual,backplate_force_x_pred,backplate_force_y_actual,backplate_force_y_pred,backplate_force_z_actual,backplate_force_z_pred,backplate_moment_x_actual,backplate_moment_x_pred,backplate_moment_y_actual,backplate_moment_y_pred,backplate_moment_z_actual,backplate_moment_z_pred,head_acceleration_x_actual,head_acceleration_x_pred,head_acceleration_y_actual,head_acceleration_y_pred,head_acceleration_z_actual,head_acceleration_z_pred,lower_rib_defl_actual,lower_rib_defl_pred,middle_rib_defl_actual,middle_rib_defl_pred,neck_upper_force_x_actual,neck_upper_force_x_pred,neck_upper_force_y_actual,neck_upper_force_y_pred,neck_upper_force_z_actual,neck_upper_force_z_pred,neck_upper_moment_x_actual,neck_upper_moment_x_pred,neck_upper_moment_y_actual,neck_upper_moment_y_pred,neck_upper_moment_z_actual,neck_upper_moment_z_pred,pelvis_acceleration_x_actual,pelvis_acceleration_x_pred,pelvis_acceleration_y_actual,pelvis_acceleration_y_pred,pelvis_acceleration_z_actual,pelvis_acceleration_z_pred,pubic_force_x_actual,pubic_force_x_pred,pubic_force_y_actual,pubic_force_y_pred,pubic_force_z_actual,pubic_force_z_pred,shoulder_left_force_x_actual,shoulder_left_force_x_pred,shoulder_left_force_y_actual,shoulder_left_force_y_pred,shoulder_left_force_z_actual,shoulder_left_force_z_pred,t12_acceleration_x_actual,t12_acceleration_x_pred,t12_acceleration_y_actual,t12_acceleration_y_pred,t12_acceleration_z_actual,t12_acceleration_z_pred,t12_loadcell_force_x_actual,t12_loadcell_force_x_pred,t12_loadcell_force_y_actual,t12_loadcell_force_y_pred,t12_loadcell_force_z_actual,t12_loadcell_force_z_pred,t12_loadcell_moment_x_actual,t12_loadcell_moment_x_pred,t12_loadcell_moment_y_actual,t12_loadcell_moment_y_pred,t12_loadcell_moment_z_actual,t12_loadcell_moment_z_pred,t1_acceleration_x_actual,t1_acceleration_x_pred,t1_acceleration_y_actual,t1_acceleration_y_pred,t1_acceleration_z_actual,t1_acceleration_z_pred,upper_rib_defl_actual,upper_rib_defl_pred
0.0,9.486769009248164e-23,9.486769009248164e-23,8.470329472543004e-24,8.470329472543004e-24,0.0,0.0,0.0,0.0,0.0,0.0,0.0,0.0,1.4486118971035466e-18,1.4486118971035466e-18,1.1317280446121455e-20,1.1317280446121455e-20,9.271116141462698e-17,9.271116141462698e-17,1.3728451221540247e-12,1.3728451221540247e-12,4.3937509397873754e-13,4.3937509397873754e-13,1.3234889800848445e-25,1.3234889800848445e-25,-4.135903062765138e-28,-4.135903062765138e-28,3.811648262644353e-24,3.811648262644353e-24,1.0842021724855045e-22,1.0842021724855045e-22,4.0657581468206415e-22,4.0657581468206415e-22,3.3881317890172015e-22,3.3881317890172015e-22,-9.841096481391105e-10,-9.841096481391105e-10,4.117260499915282e-09,4.117260499915282e-09,-2.3896512468303823e-09,-2.3896512468303823e-09,0.0,0.0,1.7763568394002505e-18,1.7763568394002505e-18,-1.2212453270876721e-18,-1.2212453270876721e-18,1.6940658945086007e-23,1.6940658945086007e-23,3.2526065174565134e-22,3.2526065174565134e-22,6.098637220230963e-23,6.098637220230963e-23,4.085344518180846e-09,4.085344518180846e-09,-8.036498112628888e-10,-8.036498112628888e-10,-5.296555597191371e-09,-5.296555597191371e-09,0.0,0.0,0.0,0.0,0.0,0.0,0.0,0.0,0.0,0.0,0.0,0.0,-2.3866962828145687e-10,-2.3866962828145687e-10,5.1632132401020674e-09,5.1632132401020674e-09,7.422407517912291e-10,7.422407517912291e-10,0.0,0.0
0.002,0.0030910217419960265,0.00356292724609375,-0.0007317451770409183,0.009692534804344177,0.0,-0.0022436026483774185,0.0,-0.07871177792549133,0.0,0.03637504577636719,0.0,-0.037561893463134766,0.02345981813032305,0.11087977886199951,-0.00038299999085637066,-0.7238016128540039,0.9998312879487185,0.8832790851593018,6.943801142009973e-06,-0.08065986633300781,8.980928337335898e-08,0.08106422424316406,5.222144740546976e-07,0.001508370041847229,6.723410417375809e-08,-0.0005321651697158813,5.824736198787237e-06,-0.007527932524681091,5.230281493512136e-06,0.12111282348632812,-2.683402882074952e-05,0.05820399522781372,5.1576097095618786e-05,-0.14980006217956543,-0.8594100300280563,-0.2693824768066406,-0.20530840872827277,-0.2221851348876953,0.8071431627810922,0.7597106695175171,0.0025220201724888086,0.0028158389031887054,0.0029628812507498294,0.034698307514190674,5.153066216473301e-05,0.001787617802619934,0.00026500677078637947,0.005439825356006622,-0.0015951480551777795,0.008480757474899292,0.0005252009736886548,0.0012166183441877365,-0.5629238970855952,-0.3363161087036133,0.05612583394740086,0.19174575805664062,0.9428290154629172,0.8987398147583008,0.0,0.0030773840844631195,0.0,-0.0017315298318862915,0.0,1.7046315861080075e-06,0.0,-5.801721840725804e-07,0.0,-2.3503102966060396e-06,0.0,3.6246106560611224e-07,-0.4557860473565258,-0.2571943402290344,0.008128446243806854,0.13925552368164062,0.9040613033767793,0.8386949896812439,0.0,-0.23184919357299805
0.004,0.00864940687661469,0.0026542991399765015,-0.0006541252957547359,0.00935731828212738,0.0,-0.0016362108290195465,0.0,-0.056774288415908813,0.0,0.08002400398254395,0.0,-0.02593398094177246,0.08527305539461404,0.08488619327545166,-0.0003559189965508964,-0.5683526992797852,1.0177568872344787,0.9629836082458496,3.312521813057648e-05,-0.03481864929199219,-3.0430672839250117e-05,0.08008480072021484,0.002051653259721487,0.0006356574594974518,-8.714769638002382e-06,6.667524576187134e-05,0.000262860872629656,-0.00457213819026947,0.025585985097585487,0.08721029758453369,0.14481224224499353,0.015883147716522217,-0.011427037705239444,-0.10016822814941406,-0.6393631576205104,-0.33346760272979736,-0.19392872424134364,0.010684967041015625,0.7013683468969665,0.7803703546524048,0.00437670432827353,0.002431221306324005,0.012921384415717285,0.024973273277282715,0.0038543667652689616,0.002488240599632263,0.0011368901818121458,0.005746513605117798,-0.0013169277026890982,0.00875750184059143,0.0007205274819075554,8.215382695198059e-05,-0.4594439706909079,-0.38468870520591736,-0.023109851659699438,0.21309661865234375,0.9262973695683041,0.9053888320922852,0.0,0.002800408750772476,0.0,-0.0022420883178710938,0.0,1.3294337577463011e-06,0.0,-5.757137273576518e-07,0.0,-1.6544454410905018e-06,0.0,3.828160686225601e-07,-0.46555928794687956,-0.31743812561035156,0.017765487469577426,0.21847057342529297,0.9169294530850177,0.8699095845222473,0.0,-0.19808053970336914
0.006,-0.0012427893784953646,0.0015260353684425354,-0.0010879795632215013,0.008931130170822144,0.0,-0.0009849164634943008,0.0,-0.03534916043281555,0.0,0.12082362174987793,0.0,-0.014467954635620117,0.059520232515336766,0.053575873374938965,-0.0003721119468534598,-0.4093351364135742,1.0344570260472228,1.0483083724975586,-0.000130253649119354,0.0160369873046875,-0.00010461857072973052,0.07416057586669922,0.0015257874020456806,-0.00023708492517471313,-0.0007612350757505897,0.0006833076477050781,0.000979692041909154,-0.0014885663986206055,0.03781330142475219,0.058776140213012695,0.11886107772960121,-0.030879974365234375,-0.023881822916692063,-0.04839634895324707,-0.303187007567079,-0.4063020944595337,0.3228289576533334,0.2389087677001953,1.0742037518354361,0.8051657676696777,0.0028701821951717943,0.002039864659309387,0.006355907858380261,0.015520453453063965,0.0019172905323560881,0.0030584484338760376,-0.00052504651512306,0.00594446063041687,0.0016665124361700777,0.009143203496932983,-0.0005976190056061609,-0.0011189095675945282,-0.44687017958629505,-0.43984338641166687,-0.043012165237840246,0.2264394760131836,0.8452610389807821,0.9147524833679199,0.0,0.0024851858615875244,0.0,-0.0026063472032546997,0.0,9.684709993962315e-07,0.0,-5.389555894907971e-07,0.0,-9.663589253250393e-07,0.0,4.034228879845614e-07,-0.48165966497133306,-0.3860849142074585,0.02940346742660587,0.2940406799316406,0.8456504088387905,0.9039621949195862,0.0,-0.1562938690185547
0.008,0.0016407424228477461,0.00010347366333007812,0.0010355393274483057,0.008327081799507141,0.0,-0.00028039515018463135,0.0,-0.015011131763458252,0.0,0.15711402893066406,0.0,-0.002361297607421875,0.02297054529096801,0.016369342803955078,-0.0003679530943378345,-0.24824810028076172,0.9835602826906172,1.141909122467041,-0.000893328619676766,0.07669830322265625,-0.0003152978314628435,0.06172943115234375,0.0002597646867920636,-0.0011217333376407623,0.0005191267656757,0.001330062747001648,-0.0004204645582748492,0.001860346645116806,-0.07401345132985766,0.037494778633117676,-0.07515510083959875,-0.08319872617721558,-0.02405728144848911,0.006797075271606445,-0.260827373593479,-0.49028921127319336,-0.0481891524213256,0.461761474609375,0.8602540123961646,0.8362488746643066,0.0018454554323666936,0.0016822665929794312,0.0043773398862539765,0.006452620029449463,0.0017712773398257903,0.0034151673316955566,0.0009158325373121262,0.005958959460258484,-0.0015510190052289462,0.009600549936294556,-0.0007809050800485729,-0.002421766519546509,-0.49955519038755747,-0.5043002963066101,0.130863400929487,0.23053550720214844,0.8938639925433147,0.9290664196014404,0.0,0.0021029021590948105,0.0,-0.002727016806602478,0.0,6.423620675377606e-07,0.0,-4.654123699765478e-07,0.0,-2.979822681936639e-07,0.0,4.0725694816501345e-07,-0.45526199406620044,-0.4666067957878113,0.005401189120183524,0.36087799072265625,0.9363459268569804,0.9425501227378845,0.0,-0.10447168350219727
0.01,0.003932259639131495,-0.0017307326197624207,0.005436101823380549,0.007420137524604797,0.0,0.0004925113171339035,0.0,0.0030745863914489746,0.0,0.18581557273864746,0.0,0.011779308319091797,0.04028486632034464,-0.02805948257446289,-0.00036715062424126074,-0.08763790130615234,0.9775211805667156,1.2483079433441162,-0.0011293243970258867,0.15706253051757812,-0.0003918569815356841,0.040757179260253906,-5.43397890996947e-05,-0.0020441003143787384,-0.0004946957283463716,0.002011321485042572,-0.0005507422478339912,0.005717296153306961,0.03694978888306083,0.02627551555633545,-0.1410696095855899,-0.14358508586883545,-0.025429112828978705,0.0678555965423584,-0.39129761739639723,-0.5894031524658203,-0.3811719330462948,0.6775894165039062,1.0405585955206957,0.8773962259292603,0.0027512449121411607,0.0014233104884624481,0.01245400033865351,-0.00193101167678833,0.001779494153898575,0.003469318151473999,0.0005070309402223259,0.0056620389223098755,-0.001628108903107679,0.01008489727973938,0.0018852063207111375,-0.003875086084008217,-0.46085209977271974,-0.5824899673461914,-0.0019166885248947767,0.22245407104492188,0.9233107179249915,0.9524011611938477,0.0,0.001600317656993866,0.0,-0.002453416585922241,0.0,3.8638694377368665e-07,0.0,-3.4490071243453713e-07,0.0,3.441132889747678e-07,0.0,3.6613420206776937e-07,-0.45774040733238575,-0.5652837753295898,-0.028301933997123163,0.4100942611694336,0.8198325926194893,0.988452136516571,0.0,-0.038420677185058594
0.012,-0.00045755286845092496,-0.004151970148086548,0.004953792821144735,0.005994066596031189,0.0,0.001346895471215248,0.0,0.01629585027694702,0.0,0.20086312294006348,0.0,0.030308961868286133,0.04061210304623847,-0.08232581615447998,-0.005857443230239463,0.06589126586914062,0.9943417618815555,1.3742318153381348,-0.0011160292290645266,0.27411460876464844,-0.000379560946197995,0.007982254028320312,0.0006113422560843098,-0.003063034266233444,-0.0010443647257285633,0.002721548080444336,-0.00018399809778543838,0.010487984865903854,0.0982198810844313,0.029995203018188477,-0.08883022071679295,-0.2172020673751831,-0.031451185975211765,0.1383373737335205,-0.4688199447815664,-0.7104631662368774,0.022735422151464155,0.8816003799438477,0.6917139392388854,0.9350619316101074,0.002155215543455684,0.001387275755405426,0.007066945134258916,-0.008855640888214111,0.0022727449579438676,0.003095686435699463,-0.0006658714568533003,0.004845477640628815,0.001758689862040655,0.01053646206855774,-0.0025515937799087743,-0.005542708560824394,-0.34270243547664564,-0.6819819808006287,-0.04410087493346956,0.19795799255371094,0.8541002632001035,0.9920217990875244,0.0,0.0008775033056735992,0.0,-0.0015664249658584595,0.0,2.6686024057198665e-07,0.0,-1.575901222850007e-07,0.0,9.609960898160352e-07,0.0,2.2915304498383193e-07,-0.5030405184992542,-0.6932070255279541,0.04291525553061861,0.42600059509277344,0.9539741629252515,1.0459213256835938,0.0,0.048229217529296875
0.014,0.003469417118750802,-0.007324732840061188,0.0015622275525534782,0.003667667508125305,0.0,0.0022426676005125046,0.0,0.019400060176849365,0.0,0.19187259674072266,0.0,0.05595123767852783,0.023702951940890313,-0.14941763877868652,-0.000381723087869651,0.19399356842041016,1.0155552278105255,1.5253374576568604,-0.0012611958460332416,0.4427509307861328,-0.0003032169516514919,-0.040083885192871094,0.00024486280793556235,-0.004308883100748062,0.0005065000281161884,0.003473609685897827,0.0009376456726719011,0.01666313037276268,-0.05178241638761655,0.05451381206512451,-0.14533031304351957,-0.31225401163101196,0.010723179526324022,0.21944797039031982,-0.4892249988978293,-0.8628189563751221,0.047510415053297596,1.0607051849365234,0.9839821026756304,1.0175964832305908,0.003636404353083727,0.0018238984048366547,0.005932441525355876,-0.012627661228179932,0.0037900628372051436,0.0020254850387573242,0.0004491739611009159,0.0032932087779045105,0.0016891393450391892,0.01088985800743103,0.0010262771878315462,-0.007483471184968948,-0.3598751315203789,-0.8123580813407898,0.004980382220881854,0.1607809066772461,0.9116940278902068,1.0580675601959229,0.0,-0.00022588297724723816,0.0,5.367398262023926e-05,0.0,3.931386629574263e-07,0.0,1.283363531001669e-07,0.0,1.5610315813319176e-06,0.0,-8.837282905460597e-08,-0.5116873926582103,-0.8655434250831604,-0.022520125767327485,0.38685131072998047,0.8488365787205889,1.1192514896392822,0.0,0.15615081787109375
0.016,-0.00176722982276824,-0.011061757802963257,0.009106588407477384,0.00015297532081604004,0.0,0.0029917024075984955,0.0,0.006817072629928589,0.0,0.15210509300231934,0.0,0.08652222156524658,0.021954750598837346,-0.225663423538208,-0.0003985572235841668,0.2651653289794922,1.0148461780897473,1.6944737434387207,-0.0009136759637135421,0.6346340179443359,0.00015576064747295601,-0.09209918975830078,-0.0008975827514602615,-0.005981899797916412,0.0014210953993416566,0.004384636878967285,0.0011507439421960695,0.02423417940735817,-0.13296178586390203,0.09948527812957764,-0.2550637415349024,-0.43304985761642456,0.07039511318466894,0.30031633377075195,-0.2679911971863983,-1.0478136539459229,-0.1568573334039163,1.1893310546875,0.8569200401796373,1.1257919073104858,0.0038558652706682695,0.003117583692073822,0.005481910349265583,-0.011039912700653076,0.003717103435421302,-0.00019446015357971191,-0.0003244221366486121,0.0011855289340019226,0.0014087269801882482,0.011208772659301758,-0.0012355638795041926,-0.009650252759456635,-0.5271422698971145,-0.9736672639846802,-0.15885494168852513,0.145965576171875,0.9054105778862356,1.1545228958129883,0.0,-0.0018330924212932587,0.0,0.0017673373222351074,0.0,8.342994988197461e-07,0.0,5.403564387052029e-07,0.0,2.1666207885573385e-06,0.0,-6.509363856821437e-07,-0.4729424400504053,-1.086991786956787,-0.1644784462239568,0.28609466552734375,0.9167352023944385,1.205869436264038,0.0,0.257418155670166
0.018,-0.00567700742807074,-0.014472298324108124,0.06008935929182418,-0.00399954617023468,0.0,0.003370337188243866,0.0,-0.01686379313468933,0.0,0.09762716293334961,0.0,0.1106572151184082,0.05470761070128738,-0.29294538497924805,0.23760701920313387,0.2758150100708008,1.2317298838217061,1.8583722114562988,-0.009666025620618877,0.7516975402832031,-0.0049460437101710285,-0.09845352172851562,0.0014884134505463546,-0.00809931755065918,0.008193428026199188,0.005676783621311188,0.008832736847757826,0.03211032226681709,-0.8579540404070936,0.15351486206054688,-0.35915455116513817,-0.5645959377288818,0.5837999118316791,0.3599097728729248,-1.7677168759652635,-1.2399169206619263,1.4111427884453822,1.2486658096313477,0.9077188742275194,1.2395650148391724,-0.0015959226004451739,0.0055705104023218155,-0.02492427199760425,-0.004466235637664795,0.0012299607350372108,-0.003791600465774536,0.020403646551915858,-0.0006495341658592224,0.019295067628629686,0.01168176531791687,-0.009586369185111762,-0.011736929416656494,-1.148707769312103,-1.141594648361206,-0.41992664601506363,0.20752906799316406,1.1285796973365336,1.2671704292297363,0.0,-0.00380592979490757,0.0,0.0020083487033843994,0.0,1.410880599905795e-06,0.0,1.0181174729950726e-06,0.0,2.786888217087835e-06,0.0,-1.327229369962879e-06,-2.267319805471531,-1.3316322565078735,0.18963791889379294,0.1630411148071289,1.1332610880837408,1.2921819686889648,0.0,0.29915428161621094
0.02,-0.11468883020137541,-0.016591012477874756,0.027054117872276538,-0.007831469178199768,0.0,0.0034219566732645035,0.0,-0.04132714867591858,0.0,0.051640987396240234,0.0,0.12491607666015625,-0.6767700053452486,-0.33754122257232666,0.5941741541301125,0.27074432373046875,2.525036353715071,2.0052480697631836,0.028352993101206075,0.7369480133056641,0.11123653252605827,-0.004192352294921875,-0.02649897596967845,-0.010402839630842209,0.02620696043808157,0.007302239537239075,0.06525920375125856,0.03961759805679321,-1.9693323237965679,0.21053409576416016,-2.044813535926464,-0.6891337633132935,2.041843942125218,0.39827072620391846,-4.888170755545634,-1.408226490020752,-0.8708162603630414,1.2620611190795898,1.4559332124277478,1.3392258882522583,0.023972181546980328,0.009302057325839996,0.017372511413954923,0.004154026508331299,-0.0032695309954934313,-0.008353635668754578,0.034489459559207146,-0.0017806962132453918,-0.013170150250396194,0.011717498302459717,-0.020956559851469596,-0.013100165873765945,-2.877011078271145,-1.2931634187698364,0.6006071480191195,0.3337564468383789,1.830320365029149,1.3880999088287354,0.0,-0.005908342078328133,0.0,0.00011365115642547607,0.0,1.8466307665221393e-06,0.0,1.340897483714798e-06,0.0,3.3621074635448167e-06,0.0,-1.848223178058106e-06,-3.578919284048519,-1.5793068408966064,0.032084564960723164,0.05557823181152344,1.8981783304345177,1.3709948062896729,0.0,0.27460193634033203
0.022,0.01901949052930241,-0.01689177006483078,-0.03426127093278048,-0.010088056325912476,0.0,0.0032641105353832245,0.0,-0.06526166200637817,0.0,0.031683921813964844,0.0,0.13884437084197998,-0.4710041870156403,-0.3645280599594116,0.25461326991742456,0.29687976837158203,4.490514816187643,2.1295766830444336,0.19440950895308712,0.5972480773925781,0.2751457626966363,0.1828155517578125,-0.02460190747494637,-0.012694120407104492,0.007933878818692381,0.008802127093076706,0.14153023227178205,0.04664434492588043,1.7281586252066112,0.2566734552383423,-2.348410327832446,-0.8078107237815857,1.5025256981070096,0.43041765689849854,-1.805654120197303,-1.535766839981079,4.919660856134804,1.3069868087768555,1.2789349977725626,1.4151946306228638,0.008148056321126609,0.013872465118765831,0.06763983976949395,0.010600864887237549,-0.018066135268497215,-0.01312275230884552,0.027799121780854554,-0.0015790686011314392,-0.0013464942280166758,0.008939206600189209,0.017808070292297508,-0.012762092053890228,-3.1575090551711464,-1.4152605533599854,-0.2831358361351373,0.47034263610839844,1.8929330474665664,1.519153356552124,0.0,-0.007763924077153206,0.0,-0.003960609436035156,0.0,1.962064061444835e-06,0.0,1.2017072776870918e-06,0.0,3.6722310596815078e-06,0.0,-2.002804876610753e-06,-0.7821577199586708,-1.8277729749679565,-0.24861121932299896,0.008641242980957031,0.9527530695241101,1.4418017864227295,0.0,0.21991252899169922
0.024,-0.05641189319620064,-0.015700332820415497,-0.07439168188489742,-0.007220849394798279,0.0,0.0027971379458904266,0.0,-0.09876129031181335,0.0,0.06676006317138672,0.0,0.15333211421966553,-0.6247691627637835,-0.3986020088195801,0.4744173216346764,0.3674345016479492,1.801047806449483,2.2152976989746094,0.39999074016485225,0.33853912353515625,0.43813139403879364,0.3166313171386719,-0.022861765637805728,-0.015054143965244293,0.008754810941498126,0.009505152702331543,0.03380590029700525,0.05238599702715874,1.909581270313596,0.24326002597808838,-0.6615437626934935,-0.9382345676422119,0.6823139384890435,0.4633723497390747,1.520997983821118,-1.6162207126617432,0.8380566765591008,1.4836463928222656,2.650954795205391,1.4561028480529785,0.025604319074183302,0.017357470467686653,0.06343662142742648,0.00783449411392212,-0.02168879340393345,-0.017147675156593323,0.0007024070807520839,0.002773389220237732,-0.0040717073885997625,-0.0005430877208709717,-0.020385334248964552,-0.00996333360671997,-1.405665378771194,-1.4913139343261719,-0.05564917204247947,0.6010818481445312,1.8507225321058534,1.640627145767212,0.0,-0.008450422435998917,0.0,-0.010687947273254395,0.0,1.7073674598577782e-06,0.0,5.692527906830946e-07,0.0,3.245292646170128e-06,0.0,-1.741876531013986e-06,-1.5464349664566477,-2.059931993484497,-1.3573253334419788,0.14516067504882812,2.077142715242525,1.5006258487701416,0.0,0.18050479888916016
0.026,-0.02496259790319904,-0.013860940933227539,-0.026073036569637317,0.007262691855430603,0.0,0.0015964023768901825,0.0,-0.15737980604171753,0.0,0.17968273162841797,0.0,0.1349424123764038,-0.07847249653995256,-0.4702223539352417,-0.45767191754301734,0.4360771179199219,0.36031781425335724,2.249166250228882,0.28212943148463737,-0.08637237548828125,0.41201344097401355,0.15307044982910156,-0.008175196870971516,-0.017859578132629395,-0.025370999435281528,0.00889204815030098,-0.02944527022230262,0.05608484894037247,2.466955650267013,0.09755945205688477,1.6354836441876313,-1.0970454216003418,-0.7268659796524912,0.4984579086303711,-0.1292056799492418,-1.6533881425857544,0.3401349691259272,1.834935188293457,2.339780251440559,1.4542319774627686,0.021520711133591105,0.016738811507821083,0.009696970418878712,-0.008372128009796143,-0.03601725235806046,-0.01945306360721588,0.013565128262699193,0.01621130108833313,0.002710646128820463,-0.019688516855239868,-0.020221895024454126,-0.004711603745818138,-0.05201287253815662,-1.5125585794448853,0.09154406426622924,0.7790584564208984,1.3990736953126017,1.7093586921691895,0.0,-0.006789002567529678,0.0,-0.01962992548942566,0.0,1.276345415135438e-06,0.0,-2.5777426415629634e-08,0.0,1.4874168527967413e-06,0.0,-1.2576364269989426e-06,-1.2388808229509192,-2.239943504333496,0.6408530970077367,0.6217479705810547,1.2680145819415503,1.5437297821044922,0.0,0.2080392837524414
0.028,0.0012127574828615724,-0.011393293738365173,0.043699533300871465,0.03975971043109894,0.0,-0.0006748847663402557,0.0,-0.24011772871017456,0.0,0.32216811180114746,0.0,0.008494377136230469,0.28556845658290153,-0.5816669464111328,-0.05191554808396437,0.4716796875,2.001301556051036,2.2659168243408203,-0.2845638998615199,-0.8375225067138672,0.18348989249591344,-0.4506196975708008,0.002094853390301111,-0.02146730199456215,0.00029745049336683756,0.00732908770442009,0.030387441179023172,0.05865779519081116,-1.926575480680236,-0.2596015930175781,1.010370940522372,-1.2542754411697388,-0.7364710216408928,0.5339040756225586,-2.8627217217827488,-1.6406999826431274,0.8447008030762708,2.3458967208862305,-0.8248297710224461,1.4212861061096191,0.011231976913065914,0.009480461478233337,-0.00419526535292534,-0.029195964336395264,-0.02171293803073889,-0.018761441111564636,-0.012729861754016828,0.04231042414903641,-0.004199053335656533,-0.04868941009044647,-0.030735380682336208,0.0023915693163871765,-0.9708240646487991,-1.4934706687927246,1.2273260031323163,1.0830574035644531,1.7299154830553194,1.6843180656433105,0.0,-0.0022001471370458603,0.0,-0.0269957035779953,0.0,8.422045425504621e-07,0.0,-3.360202782687338e-08,0.0,-1.7996505903283833e-06,0.0,-7.777095447636384e-07,-3.0593264039241372,-2.318297863006592,1.8755296599592988,1.5395421981811523,1.831898234749693,1.566277027130127,0.0,0.33875179290771484
0.03,-0.027330082444004165,-0.008232347667217255,-0.0352087172552697,0.0919031947851181,0.0,-0.0031764544546604156,0.0,-0.3128799796104431,0.0,0.32410216331481934,0.0,-0.2840907573699951,-0.40711626221567204,-0.6908408403396606,-0.042737735893530256,0.566716194152832,4.510952763270232,2.3463289737701416,-1.3330549653934103,-2.101825714111328,-0.20370761716992325,-1.399794578552246,-0.024623380580206293,-0.026090173050761223,0.007038408943777692,0.00724845752120018,0.14239420000792616,0.06127107888460159,-2.216387066489086,-0.9121443033218384,-2.4527130142874674,-1.275757074356079,0.4846433393085445,0.5609102249145508,-3.3218704650927138,-1.553865909576416,1.839406772921654,3.0673465728759766,2.409115327280805,1.4005451202392578,-0.0036185170971494173,-0.005588963627815247,-0.000819525586062272,-0.028314530849456787,-0.0025979629483214106,-0.012846797704696655,0.013513294288999264,0.0772138237953186,-0.06143204971610149,-0.0849800556898117,-0.008780044662949469,0.01024493295699358,-1.4302617042157584,-1.48445463180542,2.0451148282578653,1.5356483459472656,1.5598277717215243,1.5635123252868652,0.0,0.0042403340339660645,0.0,-0.025810502469539642,0.0,3.13377199745446e-07,0.0,4.1486333657303476e-07,0.0,-5.34942546437378e-06,0.0,-3.4551771932456177e-07,-3.8456223374062004,-2.226093292236328,4.667283524306228,2.870030403137207,1.3772449985812305,1.5554242134094238,0.0,0.4838438034057617
0.032,0.03848892800190939,-0.0070226117968559265,0.11106913325472594,0.157427117228508,0.0,-0.0037922970950603485,0.0,-0.30436772108078003,0.0,0.03319954872131348,0.0,-0.5928471088409424,-1.3079356992062325,-0.7655246257781982,0.4693166449536111,0.7950534820556641,2.975063336356215,2.4088401794433594,-2.9470110098228406,-3.913468360900879,-0.9498039944130986,-2.4250965118408203,-0.048123414636978536,-0.031233012676239014,0.018892822292220557,0.012796148657798767,0.08818987662320876,0.05831232666969299,-2.5226431385578025,-1.8697435855865479,-2.9057100484438374,-0.9122982025146484,1.5102081479655745,0.7078245878219604,-1.8215907078240543,-1.4026377201080322,2.0401875010637127,4.319242477416992,0.40832179032956073,1.4484295845031738,-0.013162372777092346,-0.028427723795175552,-0.010736493417013252,0.011746346950531006,0.005550500059557545,-0.002496287226676941,0.02203863185789844,0.10634113848209381,-0.02560643288340084,-0.11729833483695984,-0.010242531124061571,0.017509181052446365,-1.507708423075286,-1.5411386489868164,1.9510942097827788,2.250107765197754,1.7081659348312117,1.4158060550689697,0.0,0.008875366300344467,0.0,-0.010103121399879456,0.0,9.312909554637372e-08,0.0,1.2497844181780238e-06,0.0,-6.187198778206948e-06,0.0,-3.025054979843844e-07,-1.523089013060977,-1.8958806991577148,4.559441527864393,4.259894371032715,1.7867836006747193,1.5177326202392578,0.0,0.4493894577026367
0.034,-0.04757473179291117,-0.010565750300884247,0.1270309155717022,0.21874122321605682,0.0,-0.0018186736851930618,0.0,-0.13716596364974976,0.0,-0.3858528137207031,0.0,-0.6123776435852051,-1.1824192128339293,-0.833632230758667,0.8976307036790718,1.0807571411132812,1.0753428933987526,2.2249181270599365,-4.25537241639246,-6.08428955078125,-1.6277065400384543,-3.2577590942382812,-0.04940627430354509,-0.03365718573331833,0.03845535459354984,0.024750392884016037,0.006862479704703326,0.0424247607588768,-2.9423401513242364,-2.825191020965576,-2.6325910387553324,-0.11111658811569214,2.0306053272405435,1.1896666288375854,-1.1738061773204882,-1.3279247283935547,2.643531534915244,6.391530990600586,3.2358462093197646,1.5643422603607178,-0.020465616637914335,-0.0527750588953495,-0.01141989006288408,0.04051470756530762,-0.015997645703897015,0.004982978105545044,0.03088463479683955,0.11258146911859512,-0.05396738657912665,-0.12399743497371674,-0.015270539071848707,0.0219575222581625,-3.07342208709867,-1.6203454732894897,2.260186557254774,3.4498844146728516,1.836829420339717,1.3041417598724365,0.0,0.007669821381568909,0.0,0.016462698578834534,0.0,9.714616453493363e-07,0.0,2.5092735995713156e-06,0.0,-3.964995812566485e-06,0.0,-5.80447192533029e-07,-2.048477994254788,-1.4019851684570312,5.8107437334879215,5.203326225280762,1.2910187846796624,1.4620394706726074,0.0,0.31477928161621094
0.036,-0.05748121369451168,-0.01641077548265457,0.15940723759593556,0.25484102964401245,0.0,0.001307496801018715,0.0,0.13675427436828613,0.0,-0.6206471920013428,0.0,-0.3950035572052002,-0.7281749853360073,-0.857649564743042,1.0593835470908903,1.3682794570922852,2.228053312315706,1.87673819065094,-5.337887524315291,-8.296314239501953,-2.377585411269769,-4.111065864562988,-0.027893503797584717,-0.03151949495077133,0.047096109235871174,0.03818706423044205,0.04691877490983786,0.02282659336924553,-3.2511238158041467,-3.419961929321289,1.1365234995703546,0.7521562576293945,1.8838388503666066,1.7291227579116821,-2.161243590814005,-1.4193050861358643,3.399821131255512,8.95231819152832,1.3060674947023545,1.6382887363433838,-0.03127757763607943,-0.06697492301464081,0.13087934478879565,-0.004137217998504639,-0.01049950936012458,0.005134373903274536,0.0404010480622754,0.09829264879226685,-0.06069842394292286,-0.10944975912570953,5.4784840989091805e-05,0.02183190919458866,-2.412394609818934,-1.6147469282150269,3.5754986342374995,4.942626953125,1.2187689943574211,1.179537296295166,0.0,0.001835707575082779,0.0,0.041860803961753845,0.0,2.3212789983517723e-06,0.0,2.883501565520419e-06,0.0,-2.3136012714530807e-06,0.0,-2.764605255833885e-07,-2.1962398466673054,-0.9460350275039673,6.013127929140252,5.843151092529297,1.4332326739797527,1.3205211162567139,0.0,0.20795488357543945
0.038,-0.019314753471834176,-0.022168315947055817,0.17379957280400818,0.25852805376052856,0.0,0.004046548157930374,0.0,0.39634034037590027,0.0,-0.628293514251709,0.0,-0.12220096588134766,-0.9392500407479871,-0.808542013168335,5.181747029779474,1.6134443283081055,4.787539245570026,1.560347318649292,-6.6778143593215376,-10.501729011535645,-3.4892191386726044,-5.378185272216797,-0.019972508806321683,-0.028205089271068573,0.03298788362449514,0.05002714693546295,0.10582408852574704,0.007559515535831451,-3.285050147733519,-3.584174633026123,1.5882309669585843,1.4049386978149414,1.624932839508183,1.984468936920166,0.6920712343472047,-1.5662542581558228,1.3162205127567743,11.676512718200684,1.2817185712220132,1.5641865730285645,-0.021937555591967462,-0.06692256033420563,0.018778626497999197,-0.11705011129379272,-0.009454012931802877,2.956390380859375e-05,0.02054155312494517,0.08198537677526474,-0.053833002225221784,-0.09872524440288544,0.008863020526997402,0.019123481586575508,-1.9753547082779372,-1.4988703727722168,4.461080893377183,6.70097541809082,0.8708097007710562,0.9944279193878174,0.0,-0.005078459158539772,0.0,0.05749984085559845,0.0,3.3244000405829865e-06,0.0,2.470165554768755e-06,0.0,-1.2452029523046804e-06,0.0,6.6943468546298845e-09,-0.2752562806981069,-0.6294087171554565,3.976776432852026,6.539363384246826,0.8225659297683415,1.0635886192321777,0.0,0.19890069961547852
0.04,-0.0008802302312854322,-0.02601025253534317,0.2834646001407684,0.22348086535930634,0.0,0.005078725516796112,0.0,0.5338951945304871,0.0,-0.46687543392181396,0.0,0.09951543807983398,-0.8032250739713365,-0.6889902353286743,4.939028211050967,1.8886871337890625,1.5489929795137676,1.301304817199707,-8.469835109024345,-12.684568405151367,-4.95561787143463,-7.182466506958008,-0.02698440315593814,-0.026301328092813492,0.04590731784183778,0.060198139399290085,-0.020716259255761277,-0.0038785412907600403,-2.931209783597182,-3.270420789718628,1.868880375339395,1.7163755893707275,1.757134584579421,1.872427225112915,-0.7890969381091545,-1.684395432472229,8.40347562291959,14.547891616821289,2.313051824170447,1.2658528089523315,-0.03721474356152103,-0.05315577611327171,-0.08584032756298632,-0.27961933612823486,0.001584391545852455,-0.009782761335372925,0.00042828399681226533,0.0779803916811943,-0.05163448939782098,-0.102264404296875,0.002308921469135922,0.014717064797878265,-1.5945909171716768,-1.335432529449463,4.6910230465608365,8.820272445678711,1.0948361625339644,0.6775599718093872,0.0,-0.00991511158645153,0.0,0.05106721818447113,0.0,3.718146899700514e-06,0.0,1.8641085262061097e-06,0.0,5.431436420622049e-07,0.0,-4.383273619623651e-07,-0.3012974854161998,-0.4886842668056488,3.666948646118496,7.585146427154541,0.8225354353668328,0.688126266002655,0.0,0.29229736328125
0.042,-0.02298877315736677,-0.02510533481836319,0.3146174966302065,0.13936017453670502,0.0,0.004407279193401337,0.0,0.5067472457885742,0.0,-0.11369037628173828,0.0,0.26250481605529785,0.21877762569592057,-0.4919339418411255,6.711799991071013,2.437859535217285,-0.06025495450899723,0.8974416255950928,-10.674391858074491,-14.845521926879883,-6.667155529437293,-9.53291130065918,-0.016364488068022303,-0.026862841099500656,0.04627190784824771,0.06857222318649292,-0.06253498333462618,-0.010715484619140625,0.8001850701363541,-2.5887012481689453,2.3330617481387845,1.6617584228515625,1.2976344635985664,1.6320775747299194,-3.3410999668078403,-1.7313655614852905,11.567365601885125,18.048442840576172,0.8490377371386725,0.7620413303375244,-0.03404245565161312,-0.02762959524989128,-0.13938463587869684,-0.4824981689453125,-0.01729300471857316,-0.028680697083473206,0.03871388060526025,0.08708257228136063,-0.07620434603845447,-0.11711780726909637,0.0023066346683765096,0.010507388971745968,-2.1145983232859598,-1.204342007637024,5.626892454636328,11.256020545959473,0.6683931690324357,0.12408828735351562,0.0,-0.010824761353433132,0.0,0.021185964345932007,0.0,3.138272631986183e-06,0.0,2.067051127596642e-06,0.0,1.326430606241047e-06,0.0,-2.0428249172255164e-06,-2.38109427784938,-0.55982506275177,4.648856017822125,9.174179077148438,0.9052569013735811,0.13783687353134155,0.0,0.2435321807861328
0.044,-0.07117422427185244,-0.021129444241523743,0.26507883880748856,0.011826381087303162,0.0,0.0032080523669719696,0.0,0.3678026497364044,0.0,0.3072326183319092,0.0,0.4834250211715698,0.2040668889944412,-0.2769627571105957,2.6898492109830294,3.3398046493530273,2.3183689582773517,0.37917089462280273,-13.230098857287414,-17.21400260925293,-8.686858005668487,-12.312808990478516,-0.00868504685443318,-0.033368781208992004,0.045157602604759886,0.07464656233787537,0.03297777137954673,-0.006217993795871735,1.303287343487012,-1.8378703594207764,2.291283594252606,1.327181100845337,1.4264918270897835,1.3890413045883179,-3.3920102774278433,-1.5603408813476562,14.13657148997525,22.734817504882812,-0.18041334686902236,0.11248123645782471,-0.030379860784428222,0.005350498482584953,-0.3370627699372973,-0.7214319109916687,-0.026261056925189832,-0.05596895515918732,0.20334919842775398,0.10475578904151917,-0.06204991314115202,-0.14423325657844543,0.020266236424962156,0.011866998858749866,-2.810150917832358,-1.1794577836990356,7.243572167496604,14.221611022949219,-0.14548859682853285,-0.6626979112625122,0.0,-0.007112268358469009,0.0,-0.013091690838336945,0.0,5.998401206852577e-07,0.0,2.8082097287551733e-06,0.0,7.316172627724882e-07,0.0,-4.238943347445456e-06,-1.981417227833108,-0.9252778887748718,7.121282650815148,11.561919212341309,-0.05088618251880856,-0.6364685297012329,0.0,-0.025638580322265625
0.046,-0.09091480500220522,-0.014086291193962097,0.03757687618037741,-0.14212103188037872,0.0,0.0030415765941143036,0.0,0.2233501672744751,0.0,0.6771156787872314,0.0,0.770525336265564,0.07577757178169353,-0.1849985122680664,4.551424446912255,4.803768157958984,1.989862414830789,0.06113553047180176,-16.142154865799835,-19.901294708251953,-11.09328582169439,-15.30133056640625,-0.040551614816077795,-0.04633796960115433,0.06624471605502646,0.07672911882400513,0.08243682245337285,0.01572488248348236,1.0926127926677935,-1.2851738929748535,1.8067672946818698,0.7435293197631836,0.5345525375703506,1.26279616355896,-2.7552572272629643,-1.073891282081604,20.609056324622976,28.710342407226562,0.6364959076194668,-0.6429072022438049,-0.022282246917527972,0.04022199288010597,-0.5481742946308075,-0.9765244722366333,-0.05728105731733177,-0.09069398790597916,0.008460894680331196,0.12428931891918182,-0.12980568474750062,-0.18534226715564728,0.024588420492938474,0.023103171959519386,-1.4914336449041312,-1.280346155166626,12.943329873774013,17.800504684448242,0.05564736956388626,-1.539957880973816,0.0,0.0011098720133304596,0.0,-0.03536870330572128,0.0,-3.0113417324173497e-06,0.0,3.0319724828586914e-06,0.0,-8.350685476443687e-08,0.0,-4.481738869799301e-06,-1.6911801079654032,-1.6413242816925049,8.86009742994293,14.951875686645508,-0.28817137101488244,-1.5765910148620605,0.0,-0.4854774475097656
0.048,-0.09311438797627962,-0.009130418300628662,-0.3099050718056027,-0.30704790353775024,0.0,0.00391891784965992,0.0,0.18274305760860443,0.0,0.9684493541717529,0.0,0.9132095575332642,1.5304907682024746,-0.39558088779449463,8.139377897431489,7.3123087882995605,0.50653000837344,0.5237371921539307,-19.112893110108,-22.5777587890625,-13.65801552445636,-17.84438705444336,-0.07360011416933186,-0.06104037165641785,0.06089685322459342,0.07471348345279694,0.06826497310916123,0.06376561522483826,1.1714309935823375,-1.1192500591278076,-2.494710102375709,-0.22736716270446777,0.7357727119887857,1.2847014665603638,-3.173314908591655,-0.3221935033798218,24.616776463731668,35.418460845947266,-0.9371263576296396,-1.4275004863739014,0.014852843326414915,0.0691538006067276,-0.7435696863127466,-1.212994933128357,-0.09105911890422277,-0.13586479425430298,0.051155651557639646,0.14369696378707886,-0.23274033684557544,-0.24979907274246216,0.024538685044165204,0.041731178760528564,-1.0005501667230199,-1.429870367050171,17.907118585793597,21.631816864013672,-1.4227289896709003,-2.328334331512451,0.0,0.011081527918577194,0.0,-0.04535604268312454,0.0,-3.5104403650620952e-06,0.0,2.049099066425697e-06,0.0,-9.507116374152247e-07,0.0,-1.6857468381203944e-06,-4.308187003756918,-2.642415761947632,14.804973445777199,19.103755950927734,-0.8932922200257288,-2.4493329524993896,0.0,-1.1116580963134766
0.05,0.020720071329310048,-0.018329307436943054,-0.4107982606012005,-0.47657209634780884,0.0,0.004487084224820137,0.0,0.29159218072891235,0.0,0.8988440036773682,0.0,0.8267749547958374,1.1235650030130633,-1.3753845691680908,11.042916962560696,10.936724662780762,3.14084154603016,2.233323097229004,-22.3238728895345,-25.523075103759766,-16.749578274845696,-20.259490966796875,-0.11806579700799696,-0.07594425231218338,0.02755402170144119,0.07130444049835205,0.1323147852727884,0.14368265867233276,1.6225287667988908,-1.3894033432006836,-3.525051561860726,-1.5134376287460327,0.31011563988143576,1.2463254928588867,-4.39549961951995,0.7680408954620361,35.98476286930216,42.60863494873047,-1.8136791015981926,-1.9704630374908447,0.0787803115599804,0.08155697584152222,-1.1544654056333705,-1.4592208862304688,-0.09167857062516196,-0.20358368754386902,0.282270604159512,0.16643714904785156,-0.25645442404834234,-0.33981430530548096,0.00566719482522296,0.057241231203079224,-1.7797852243555168,-1.5170120000839233,22.55268601819141,25.679546356201172,-2.057308623050666,-3.0013318061828613,0.0,0.01582534983754158,0.0,-0.03695444017648697,0.0,1.8067995597448316e-06,0.0,3.179744965109421e-07,0.0,1.277573460356507e-07,0.0,8.121796213345078e-07,-6.32778398005981,-3.651127815246582,20.444363482743892,23.129695892333984,-1.42374496945351,-3.0289242267608643,0.0,-1.2976932525634766
0.052,-0.05631746980614821,-0.045955754816532135,-0.33484069028362773,-0.6621880531311035,0.0,0.003580201417207718,0.0,0.45789074897766113,0.0,0.39794325828552246,0.0,0.6116646528244019,-2.274074772399509,-3.508810520172119,16.060023302512235,15.974050521850586,2.037476012519947,5.022296905517578,-26.114885148686522,-28.882171630859375,-20.843131015166204,-23.433408737182617,-0.12680547202940887,-0.09436491131782532,0.031791355270771794,0.06624133884906769,0.1921199388207276,0.2347756028175354,1.6625653406113783,-1.7404340505599976,-4.40596883720099,-2.7787387371063232,0.5149973426757551,1.1159073114395142,-6.809871380607927,2.0367813110351562,42.935030718191555,51.23186492919922,-0.6137295279627087,-2.1539158821105957,0.13438892621908824,0.06558011472225189,-1.4970539786220054,-1.7831699848175049,-0.21659753851771543,-0.30524471402168274,0.2404796474013687,0.19172662496566772,-0.29988356958375356,-0.4266037344932556,-0.16786140275968298,0.058186475187540054,-6.320769758646155,-1.499403715133667,27.002017716973874,30.899188995361328,0.16437837629120128,-3.6386921405792236,0.0,0.01300465315580368,0.0,-0.01023624837398529,0.0,8.514970431861002e-06,0.0,9.236240430254838e-07,0.0,2.5628753519413294e-06,0.0,-1.442992015654454e-06,-6.071171013744159,-4.3715033531188965,25.029184239648057,26.779401779174805,-0.7382434132007899,-3.4086050987243652,0.0,-0.6486144065856934
0.054,-0.04736775402840085,-0.0916394367814064,-0.5328857068291432,-0.8433808088302612,0.0,0.001268891617655754,0.0,0.5151273608207703,0.0,-0.422526478767395,0.0,0.4591672420501709,-7.344818046029121,-6.784993648529053,26.828525959057956,22.717426300048828,10.33531872035357,8.380645751953125,-30.421198926490607,-32.09576416015625,-25.279979321918216,-26.928634643554688,-0.13557007837468718,-0.11510380357503891,-0.012344913615773598,0.05976003780961037,0.4486924073271506,0.29164808988571167,2.175533929227449,-1.7005500793457031,-5.1874204607887995,-3.883575677871704,0.6612637908931502,1.3297679424285889,-0.295665707160058,2.819709300994873,55.44516573512046,60.959373474121094,1.8811578593127358,-2.319277763366699,0.14465106896495353,0.012584837153553963,-2.3589484502364937,-2.218526601791382,-0.3259154156451795,-0.41793525218963623,0.3129429477727924,0.22777274250984192,-0.3248581536704075,-0.4871705174446106,-0.037373641096631785,0.044840987771749496,-3.9962089894617407,-1.3267098665237427,31.79060699356998,37.27265930175781,-1.4076848808757398,-4.240447044372559,0.0,0.005463259294629097,0.0,0.019818216562271118,0.0,1.0799281881190836e-05,0.0,9.974696695280727e-07,0.0,7.912763066997286e-07,0.0,-5.21482161275344e-06,-3.6365850536025124,-4.571963310241699,27.189448459667396,30.113298416137695,-1.3627495217229453,-3.7461040019989014,0.0,0.2915678024291992
0.056,0.017988612456355184,-0.14732006192207336,-0.7322357302820314,-1.026843786239624,0.0,-0.0024045556783676147,0.0,0.3725176155567169,0.0,-1.0484787225723267,0.0,0.09471917152404785,-4.536039872357139,-10.837363243103027,28.330286937331586,30.40047836303711,6.209229928983998,10.14276123046875,-35.32703350961579,-35.475196838378906,-29.687663863269076,-31.139877319335938,-0.16218215291531285,-0.12950856983661652,0.02757597384650725,0.06386862695217133,0.4351414394635035,0.21215307712554932,2.0646129980117838,-1.021872878074646,-5.367545366371582,-4.86139440536499,2.2096998883912606,2.268155813217163,-2.9943189869780804,0.9937829971313477,67.96215332823685,67.27369689941406,2.2041322443520808,-2.787104368209839,0.17906129160768,-0.07338447868824005,-2.863261186918907,-2.8192503452301025,-0.5157864998366715,-0.5362585783004761,0.25508107180668005,0.287009596824646,-0.42932723724605426,-0.502960741519928,0.12636958288876005,-0.00428101047873497,-3.4700137598846195,-1.0300122499465942,37.72577612215232,43.589420318603516,-2.2569541815477128,-4.9189772605896,0.0,-0.009158752858638763,0.0,0.02396942675113678,0.0,6.268721335800365e-06,0.0,-4.572920715872897e-06,0.0,-3.997605290351203e-06,0.0,-1.2245052403159207e-06,-2.8642697687028087,-3.7213406562805176,31.35994661255339,33.569557189941406,-3.466689811790974,-4.192654132843018,0.0,0.5462989807128906
0.058,-0.26437846267667886,-0.20587673783302307,-1.207186324940788,-1.2266134023666382,0.0,-0.005173185840249062,0.0,0.12245960533618927,0.0,-0.6123749017715454,0.0,-0.9712214469909668,-5.261153072616108,-13.454761505126953,29.249765806188346,38.65790939331055,5.860353813939035,7.260244369506836,-40.36314812943055,-40.18840789794922,-34.53670049874531,-35.9365348815918,-0.17362435612926977,-0.14045396447181702,0.05937954746451054,0.08974825590848923,0.39092306770263524,-0.003656350076198578,2.7905492878460554,-0.8740956783294678,-5.558301843137769,-5.291740894317627,2.6886084506020733,3.1729938983917236,-1.1118130176722625,-4.979356288909912,80.54621990929378,60.563819885253906,-2.8978872980167267,-3.10343599319458,0.1966559970268543,-0.12925481796264648,-3.825476674673487,-3.409043073654175,-0.7364542737871502,-0.6927520036697388,0.2695199283308455,0.37145283818244934,-0.5578913083186476,-0.4537391662597656,-0.10744007183376676,-0.12555435299873352,-3.8705889950413046,-1.0206886529922485,47.906218906840294,48.729984283447266,-1.6859718681612839,-5.260876178741455,0.0,-0.02218010649085045,0.0,-0.014575228095054626,0.0,2.578896328486735e-06,0.0,3.1439469694305444e-06,0.0,1.1789270502049476e-06,0.0,5.023397079639835e-06,-6.020090709790469,-1.5604479312896729,36.1657306535745,36.374610900878906,-1.407925817179767,-4.3503313064575195,0.0,-0.26127052307128906
0.06,-0.12227858980990106,-0.22266849875450134,-1.2948132115384277,-1.2869223356246948,0.0,-0.007403237745165825,0.0,0.01981338858604431,0.0,0.1498854160308838,0.0,-1.854961633682251,-12.69405875189965,-11.494172096252441,33.67392089267158,42.40087890625,9.551416771021628,4.037499904632568,-44.71967296619296,-42.9539909362793,-39.40441522793316,-38.981380462646484,-0.15413679621346527,-0.14554660022258759,0.007500066350561486,0.13737834990024567,0.5200623834374274,-0.07478449493646622,3.5342692254484143,-2.3278956413269043,-6.0356317644599535,-4.441896915435791,2.962289126673283,3.6476848125457764,-5.67424905115134,-8.227766990661621,74.21135825100077,46.793643951416016,-1.0540090316648938,-2.3206095695495605,0.3803622759277353,-0.053890328854322433,-3.4996575724811088,-3.416372537612915,-0.9265330923884453,-0.7784067392349243,0.33736182618586436,0.44415614008903503,-0.5132147911540667,-0.39144453406333923,-0.20602260039816542,-0.20574802160263062,0.3915205564876395,-1.2802437543869019,53.82811504371615,51.27785110473633,-0.9460752538971912,-5.120388031005859,0.0,-0.01429660152643919,0.0,-0.025940872728824615,0.0,6.281904461502563e-06,0.0,3.169061301377951e-06,0.0,-2.6851222401091945e-07,0.0,2.9539414754253812e-06,0.5775507201880062,0.14620137214660645,36.67086546099181,38.56000518798828,-1.3295158481773206,-4.132176399230957,0.0,-0.4564375877380371
0.062,-0.3289144815153918,-0.19696280360221863,-1.3869384417119381,-1.2046040296554565,0.0,-0.00385240837931633,0.0,0.11493876576423645,0.0,-0.004522562026977539,0.0,-2.0701844692230225,-11.02793215679576,-8.191996574401855,39.448640083203436,44.19145584106445,12.034750011599812,3.86708402633667,-48.21113114864613,-46.18958282470703,-42.6495956965597,-41.86054229736328,-0.17496978530050325,-0.14688260853290558,0.022132867735664207,0.18518340587615967,0.6562190359727941,0.01842353120446205,3.5649125967222663,-4.981584548950195,-5.841531235820679,-3.090789794921875,2.6822994759291783,5.043951988220215,-12.028529744970102,-7.2465314865112305,53.20770677696212,38.45256042480469,-2.964902858150421,-1.2936824560165405,0.285138029181183,0.09165860712528229,-3.6568591489630258,-3.0041849613189697,-1.0972986263873634,-0.7844253182411194,0.3268645949324511,0.5430688858032227,-0.49760687150908695,-0.40983980894088745,-0.1756038525786933,-0.25028160214424133,0.28177346557860006,-1.4635069370269775,57.28750603769921,50.611297607421875,-2.562766624904876,-4.903879165649414,0.0,-0.0033547449856996536,0.0,-0.022085152566432953,0.0,7.872575224610046e-06,0.0,-1.0270848633808782e-06,0.0,-1.9801461803581333e-06,0.0,8.393414532292809e-07,0.10635695040440529,1.1953333616256714,36.967248228079214,40.93238067626953,-1.840207598771426,-3.9714860916137695,0.0,-0.6946172714233398
0.064,-0.013392218848224773,-0.1666310727596283,-1.5156497235904185,-1.0819958448410034,0.0,-0.0005966126918792725,0.0,0.3249202072620392,0.0,-0.5689554214477539,0.0,-1.4653360843658447,-6.6957383069954135,-5.868808746337891,47.00499067919416,45.155113220214844,8.735739966039985,5.029298305511475,-49.953272255326446,-48.971839904785156,-43.8012059095634,-43.109291076660156,-0.1739580228534151,-0.14082983136177063,-0.01111881366165638,0.21241223812103271,0.4570303392246805,0.1370846927165985,5.709874092015656,-7.46150541305542,-6.482242108169376,-1.714980125427246,8.247229695338278,6.653733253479004,-9.565124494811162,-5.642795562744141,14.114658184587864,33.24959182739258,-5.170771650134948,-0.9122912883758545,0.28301007633870934,0.2338906228542328,-3.508478988041982,-2.585251569747925,-1.0078951433817136,-0.7666320204734802,0.8117687917601846,0.6283473968505859,-0.45132430053510686,-0.4496620297431946,-0.33183882488779176,-0.27703747153282166,1.54879405937456,-1.5659210681915283,57.83487095190729,47.79231643676758,-3.689791644253735,-4.78541898727417,0.0,0.0021517984569072723,0.0,-0.018858857452869415,0.0,3.920906237908639e-06,0.0,3.5283130728203105e-07,0.0,-3.8153382320160745e-07,0.0,-1.0470562301634345e-06,1.8792025511771757,1.8352628946304321,41.566697542832024,41.546409606933594,-3.0314472474722476,-3.894232988357544,0.0,-1.4448819160461426
0.066,-0.18176188603035356,-0.12492940574884415,-1.3197816282886672,-0.9468626379966736,0.0,-0.0034993942826986313,0.0,0.5510323643684387,0.0,-0.8211078643798828,0.0,-0.5487279891967773,-9.565339373365104,-4.208027362823486,49.47908960098979,44.214744567871094,9.569313012149975,6.9900336265563965,-50.545529196734165,-49.743587493896484,-44.43849083479391,-43.121055603027344,-0.17119120480391992,-0.12993931770324707,-0.022327507951686715,0.22758641839027405,0.4286755176239424,0.24348685145378113,6.834315039081943,-9.155658721923828,-5.184523222506599,-0.5757157802581787,8.492271271701236,8.088834762573242,-8.334700234905302,-4.434460163116455,22.862268810002114,29.640453338623047,-3.6574930988955963,-1.1111583709716797,0.33009305276557815,0.3497156798839569,-3.090729268763809,-2.2630903720855713,-0.8645259158795772,-0.7313230633735657,0.761146373496842,0.6907793283462524,-0.4538218868072792,-0.49169355630874634,-0.460794673902302,-0.29086774587631226,-0.47889165282059065,-1.5916881561279297,51.84475543045123,43.2283821105957,-3.686148911140331,-4.88616418838501,0.0,0.003462729975581169,0.0,-0.013245470821857452,0.0,-6.01075782924454e-07,0.0,5.519326350622578e-06,0.0,8.945011131800129e-07,0.0,-4.238038854964543e-06,1.982126984357241,2.157808780670166,43.32286028907104,40.4552001953125,-4.375930700806976,-3.8472206592559814,0.0,-1.8227496147155762
0.068,0.14936958852793422,-0.09633142501115799,-1.0906213418510153,-0.8082698583602905,0.0,-0.006820367649197578,0.0,0.561561107635498,0.0,-0.7608219385147095,0.0,0.4082378149032593,-9.286438547722172,-3.2133090496063232,58.850031338038846,42.39971160888672,6.8921418074117655,9.357488632202148,-50.44140099450152,-49.03324508666992,-45.592030942981616,-42.690757751464844,-0.11656040318822114,-0.11866860091686249,-0.03748067321606331,0.23159554600715637,0.32537654969033614,0.2985285818576813,7.116923011412779,-9.634761810302734,-2.63196810235265,0.1302872896194458,11.998549638466747,9.408356666564941,5.919501593367593,-4.058365821838379,22.083162004465056,27.314516067504883,6.641336168269589,-1.6876076459884644,0.3064706939569482,0.40609991550445557,-2.464726421165467,-2.0474369525909424,-0.646479286445501,-0.6859349012374878,0.6812257451490795,0.71596360206604,-0.5015956713161032,-0.5472139120101929,-0.3055733869455484,-0.28682732582092285,-1.5753720196167738,-1.557826042175293,42.413046754318216,38.360591888427734,-7.039453708270134,-5.012414932250977,0.0,0.0037999246269464493,0.0,-0.007301032543182373,0.0,-2.5974231903092004e-06,0.0,6.554742412845371e-06,0.0,9.980284403354744e-07,0.0,-6.822710929554887e-06,1.102743471110065,1.9848333597183228,44.184777344172375,38.686561584472656,-5.815752196894975,-3.6916825771331787,0.0,-1.6332483291625977
0.07,-0.09396804102753845,-0.06809718161821365,-0.6480607707951257,-0.6482827067375183,0.0,-0.009907718747854233,0.0,0.26983997225761414,0.0,-0.6333639621734619,0.0,1.1537034511566162,-11.443692453075274,-2.9228639602661133,48.24619367163344,39.294517517089844,10.185065876773715,10.780208587646484,-50.289198911881144,-47.0960693359375,-46.15551865926846,-41.5743293762207,-0.1284123924513568,-0.1090817004442215,-0.019916789462010035,0.23064354062080383,0.4136320159613618,0.27840420603752136,3.512459640686024,-8.302783966064453,-3.4406525169553133,0.4436384439468384,14.058298110565199,10.53998851776123,-6.875688048072469,-4.4210591316223145,30.825611778969332,24.245637893676758,-4.385608716012234,-2.2447776794433594,0.4092082763762965,0.3842606842517853,-1.6579189341528004,-1.8429348468780518,-0.5279057618886469,-0.6163860559463501,0.6183970840864909,0.6964613199234009,-0.6045682036321992,-0.562932014465332,-0.2347981617452118,-0.2708408534526825,-3.577300620286615,-1.4459095001220703,34.5506267277001,33.64313888549805,-5.991742663629995,-4.7276201248168945,0.0,0.0016344524919986725,0.0,0.014120012521743774,0.0,-3.7443803648784524e-06,0.0,4.6039235712669324e-07,0.0,1.3745756177740986e-06,0.0,-3.5126472539559472e-06,2.4195020504913507,1.3921664953231812,42.0185608674808,36.316070556640625,-5.23408764746251,-3.27586030960083,0.0,-1.0364489555358887
0.072,-0.016622800369456035,-0.03169813007116318,-0.5405493553151421,-0.4759175777435303,0.0,-0.011191156692802906,0.0,-0.09273219108581543,0.0,-0.4392261505126953,0.0,1.5432978868484497,-7.9718401894444675,-3.1863231658935547,38.70301294991554,34.548675537109375,13.030674371382759,10.447944641113281,-49.591072428177746,-44.52583312988281,-45.268945732525424,-39.581485748291016,-0.131954028562001,-0.10656225681304932,0.01830136903543808,0.22525116801261902,0.41057635880787,0.22040137648582458,-0.8446000871464198,-5.7407145500183105,-4.439447550828944,0.32529544830322266,16.579864101321938,11.445760726928711,-6.925988309251455,-5.043248176574707,34.47378204924368,19.747766494750977,-7.6617976438663495,-2.676771879196167,0.4137562767468419,0.31458356976509094,-1.4692203619325888,-1.5695934295654297,-0.5843093356390947,-0.539366602897644,0.48777821816239214,0.6503907442092896,-0.6376461017396939,-0.531647801399231,-0.2450484938666332,-0.2489781677722931,-2.0778607252909276,-1.2531075477600098,29.343062079407105,28.97648811340332,-6.4993535677265,-4.0812578201293945,0.0,-0.00018327310681343079,0.0,0.043880894780159,0.0,-2.680968009372009e-06,0.0,-5.913958375458606e-06,0.0,-8.521535050931561e-07,0.0,3.8571434402001614e-07,-0.18643702403127324,0.7582032680511475,39.57251707547772,32.92863464355469,-4.911042016360054,-2.809271812438965,0.0,-0.45757532119750977
0.074,-0.046085623631892655,-0.0029234811663627625,-0.2932978625305654,-0.3002523183822632,0.0,-0.007072286680340767,0.0,-0.42245978116989136,0.0,0.20435023307800293,0.0,1.50789475440979,-9.770603171994434,-3.6436245441436768,38.545150539283476,27.625988006591797,8.45839613401784,8.610969543457031,-47.21523150102601,-40.62126922607422,-43.39780688230473,-36.85517883300781,-0.14749826853746104,-0.11183412373065948,0.042836561367265664,0.21377849578857422,0.2897153971172665,0.1773233413696289,-2.4140526993116627,-2.699594497680664,-6.20420826636722,-0.323222815990448,18.52611590053167,12.136017799377441,-2.9898920475057977,-5.650704383850098,13.215816408361635,14.059223175048828,-6.612025751692632,-3.067586898803711,0.31454611432957175,0.21459060907363892,-1.1297022254041384,-1.252027153968811,-0.452630801102093,-0.45750030875205994,0.37677277122108993,0.5842050313949585,-0.48642037267724264,-0.4595624804496765,-0.18749330864253708,-0.22111362218856812,-1.4600732972063986,-1.0297393798828125,24.281171491563097,24.656631469726562,-5.346308123631194,-3.285396099090576,0.0,0.0012685060501098633,0.0,0.052844852209091187,0.0,-5.296105882734992e-07,0.0,-7.141201422200538e-06,0.0,-1.5068360426084837e-06,0.0,-5.062669838906686e-09,1.8059733820698918,0.23329412937164307,32.37230136375294,28.16485595703125,-3.5910685854985935,-2.4774227142333984,0.0,-0.16611766815185547
0.076,-0.04710192446721006,0.019579246640205383,-0.06544597049405657,-0.1716800332069397,0.0,-0.002604486420750618,0.0,-0.484607458114624,0.0,0.6450817584991455,0.0,1.2565724849700928,-8.518736814112343,-3.941075325012207,33.96821853322032,21.578758239746094,7.169990640702721,7.05101203918457,-43.53358782522945,-37.06450653076172,-40.517634661280226,-33.990394592285156,-0.15613087980222046,-0.11663533747196198,0.07200901575100245,0.19847477972507477,0.3002247110187796,0.19143158197402954,-4.493343326086513,-0.19259357452392578,-6.474586277332854,-0.9088209867477417,20.558541130498227,12.80882453918457,0.379206511736878,-6.217654228210449,19.152940994693367,9.711859703063965,-2.6088935511224927,-3.661632776260376,0.21075523529160023,0.12478169798851013,-0.8517207680912292,-0.9722233414649963,-0.35584008173123177,-0.3965715169906616,0.3666045642696075,0.5246685743331909,-0.42447406495068324,-0.38647913932800293,-0.14411371811582144,-0.20464682579040527,-0.9600470148506254,-0.9264305233955383,20.80084461514892,20.730669021606445,-3.2906462722007532,-2.568267345428467,0.0,0.006552392616868019,0.0,0.02710963785648346,0.0,1.0648133184076869e-06,0.0,-1.8198491034127073e-06,0.0,4.6989697466415237e-07,0.0,-8.584835313740768e-07,2.6233289978465377,-0.05769228935241699,25.2861639436225,23.926191329956055,-2.3836274326839573,-2.5287418365478516,0.0,-0.5743131637573242
0.078,0.08917787915548571,0.03275342285633087,0.03739561230182284,-0.10774487257003784,0.0,-0.0006539467722177505,0.0,-0.28739285469055176,0.0,0.20993709564208984,0.0,1.1720094680786133,-6.585205098262793,-4.245185375213623,26.12483977475168,17.78329086303711,4.353300556387848,6.333576202392578,-39.127084261473506,-35.299617767333984,-36.62236690651049,-32.099937438964844,-0.13971899110418712,-0.11463693529367447,0.09746355812146995,0.1820237785577774,0.21627978221862074,0.24139469861984253,-4.852338201430927,1.3211205005645752,-5.6898029146292,-1.140197992324829,22.859836224925832,13.457428932189941,1.5465028095624331,-6.6434221267700195,1.8718776018604237,7.273507118225098,-1.3694042823149983,-4.299681663513184,0.11967951544853327,0.06759195029735565,-0.757680293628468,-0.7692676782608032,-0.33550530274365514,-0.3709772825241089,0.3890549589785658,0.4822782278060913,-0.40575820655638484,-0.3467745780944824,-0.06570106651689052,-0.19718441367149353,1.516372442523635,-0.922471821308136,17.219530412676583,17.404836654663086,-3.2179244164927034,-2.0543594360351562,0.0,0.01663350686430931,0.0,-0.0008524954319000244,0.0,1.0109181403095135e-06,0.0,2.0740330910484772e-06,0.0,1.4837690969216055e-06,0.0,2.0256966308807023e-06,-0.1902991776181177,-0.06593745946884155,23.516754145053017,20.82357406616211,-1.8491566835965467,-2.90616774559021,0.0,-1.2400212287902832
0.08,-0.07429996490478519,0.044907454401254654,0.0922848281860352,-0.07246564328670502,0.0,-0.0019815489649772644,0.0,-0.11685886979103088,0.0,-0.6424119472503662,0.0,1.5187351703643799,-6.1260167031679655,-4.460231781005859,21.24741539198436,15.190418243408203,2.798152333195311,5.884190559387207,-34.09012603371564,-33.91943359375,-31.676033012007746,-31.03955078125,-0.13388806152343755,-0.10992535948753357,0.09858952331542975,0.1668117344379425,0.16035459899902355,0.28704285621643066,-4.529206542968752,2.2606987953186035,-5.413139648437504,-1.3134050369262695,24.24862304687501,13.877720832824707,-8.750089572898663,-6.976473331451416,-4.461929960764045,5.612255096435547,-7.469923666908778,-4.697617530822754,0.03547716522216799,0.028556963428854942,-0.760391479492188,-0.6163936257362366,-0.2803461914062501,-0.3567291498184204,0.44012200927734396,0.451917827129364,-0.27614004516601576,-0.309823602437973,-0.08521473693847659,-0.1903705596923828,-5.8244034005941305,-0.9276677370071411,17.598473647627525,14.93477725982666,-3.355578882865569,-1.6629347801208496,0.0,0.02726157382130623,0.0,-0.015263572335243225,0.0,-1.298928509640973e-06,0.0,7.440165745720151e-07,0.0,2.0023428533022525e-06,0.0,6.235380169528071e-06,0.385558256018227,-0.007241368293762207,16.729129535198226,18.287200927734375,-2.3240033334140646,-3.224968910217285,0.0,-1.9330973625183105
