parent_id,parent_name,child_id,status,vtp_ok,notes
ctowac,P35 Side Pole ES2 Comfort Base E22 Blocks  Airbag 30mm Up,SbCgV,Completed,True,serial;resume;folder=HxPaa
OQuKPb,P35 Side Pole ES2 Comfort Blocks E41 Airbag 30mm Up,kCMkV,Completed,True,serial;folder=HxPaa
Qhowac,P35 Side Pole ES2 Comfort Base E22 Blocks Airbag Bracket Cut,WpFXfb,Completed,True,serial;folder=HxPaa
BFuKPb,P35 Side Pole ES2 Comfort Base Blocks Airbag Bracket Cut,pptHX,Completed,True,serial;folder=HxPaa
MQuKPb,P35 Side Pole ES2 Comfort Base Blocks Cavity Foam 60gl Door Outer 1.1mm,Wbnuib,Completed,True,serial;folder=HxPaa
zFuKPb,P35 Side Pole ES2 Comfort Base Blocks Cavity Foam 60gl Door Inner 1.3mm,vkDMX,Completed,True,serial;folder=HxPaa
xHdsac,P35 Side Pole ES2 Comfort Base Blocks Cavity Foam 60gl Door Inner 1.1mm,WLNQX,Completed,True,serial;folder=HxPaa
gfkFPb,P35 Side Pole ES2 Comfort Base Blocks Door Inner 1.3mm,KwXUX,Completed,True,serial;folder=HxPaa
ixdsac,P35 Side Pole ES2 Comfort Base Blocks Door Inner 1.1mm,hvhYU,Completed,True,serial;folder=HxPaa
UUjFPb,P35 Side Pole ES2 Comfort Base Blocks Cavity Foam 140gl,oTkPfb,Completed,True,serial;resume;folder=HxPaa
pHdsac,P35 Side Pole ES2 Comfort Base Blocks Brace Al,hEvTfb,Completed,True,serial;folder=HxPaa
afkFPb,P35 Side Pole ES2 Comfort Base Blocks RailFoam,Pbnuib,Completed,True,serial;folder=HxPaa
cxdsac,P35 Side Pole ES2 Comfort Base Blocks Woodfibre Doortrim,daDMX,Completed,True,serial;folder=HxPaa
OUjFPb,P35 Side Pole ES2 Comfort Base Blocks Cavity Foam 60gl,dWNQX,Completed,True,serial;folder=HxPaa
YekFPb,P35 Side Pole ES2 Comfort Base E22 Blocks,LwXUX,Completed,True,serial;folder=HxPaa
axdsac,P35 Side Pole ES2 Comfort Base Blocks 9ms,HtscV,Completed,True,serial;folder=HxPaa
vVwVXb,P35_Side_Pole_Es2re_VR1 BaseP Dimple 207c Death,chFXfb,Completed,True,serial;folder=HxPaa
